-- Ensure queried the 'Generate.sql' before.
-- This is origin data for testing
-- Create and modify by Trinh Quy Thien 
-- Last modified [13/03/2024 01:50]

USE [HumanResourceDB]

DELETE FROM [dbo].[EMPLOYMENT_WORKING_TIME]
DELETE FROM [dbo].[JOB_HISTORY]
DELETE FROM [dbo].[EMPLOYMENT]
DELETE FROM [dbo].[PERSONAL]
DELETE FROM [dbo].[BENEFIT_PLANS]

INSERT INTO [dbo].[BENEFIT_PLANS] ([BENEFIT_PLANS_ID], [PLAN_NAME], [DEDUCTABLE], [PERCENTAGE_COPAY])
VALUES 
(1,N'Health',600000,2),
(2,N'Life',443300,3),
(3,N'Disability',245000,5);

INSERT INTO [dbo].[PERSONAL] ([PERSONAL_ID],
	[CURRENT_FIRST_NAME],
	[CURRENT_LAST_NAME],
	[CURRENT_MIDDLE_NAME],
	[BIRTH_DATE],
	[SOCIAL_SECURITY_NUMBER],
	[DRIVERS_LICENSE],
	[CURRENT_ADDRESS_1],
	[CURRENT_ADDRESS_2],
	[CURRENT_CITY],
	[CURRENT_COUNTRY],
	[CURRENT_ZIP],
	[CURRENT_GENDER],
	[CURRENT_PHONE_NUMBER],
	[CURRENT_PERSONAL_EMAIL],
	[CURRENT_MARITAL_STATUS],
	[ETHNICITY],
	[SHAREHOLDER_STATUS],
	[BENEFIT_PLAN_ID])
VALUES 
(1,N'An',N'Nguyễn',N'Mai Trường',N'2003-10-29',N'27211202861',N'282956716034',N'Hòa Thuận Tây, Hải Châu',NULL,N'Đà Nẵng',N'Việt Nam',N'55000',N'Male',N'035786046931',N'WFp0yeLmRca@gmail.com',N'Divorced',N'Kinh',1,3),
(2,N'An',N'Đặng',N'Trần Hoài',N'2004-10-29',N'27211248236',N'542332060681',N'Vĩnh Trung, Thanh Khê',NULL,N'Đà Nẵng',N'Việt Nam',N'55000',N'Male',N'085725332362',N'DSfsZva@gmail.com',N'Divorced',N'Kinh',1,1),
(3,N'Anh',N'Nguyễn',N'Quang',N'2002-07-24',N'27211238956',N'809989600271',N'Hòa Thuận Tây, Hải Châu',NULL,N'Đà Nẵng',N'Việt Nam',N'55000',N'Male',N'093180558919',N'hGxymwha@gmail.com',N'Widowed',N'Kinh',1,1),
(4,N'Chinh',N'Nguyễn',N'Hữu',N'2003-11-17',N'27211231195',N'647622938641',N'Hòa Phát, Cẩm Lệ',NULL,N'Đà Nẵng',N'Việt Nam',N'55000',N'Male',N'066933767546',N'okh5qHD35a@gmail.com',N'Single',N'Kinh',1,1),
(5,N'Đại',N'Đặng',N'Văn Thời',N'2004-11-17',N'27211252758',N'752189481495',N'Nam Dương, Hải Châu',NULL,N'Đà Nẵng',N'Việt Nam',N'55000',N'Male',N'077213055054',N'U55R3ja@gmail.com',N'Widowed',N'Kinh',1,2),
(6,N'Danh',N'Lê',N'Tấn',N'2005-11-17',N'27211122274',N'893510829079',N'Hòa Khánh Bắc, Liên Chiểu',NULL,N'Đà Nẵng',N'Việt Nam',N'55000',N'Male',N'088432504718',N'Aj5MYaJ238a@gmail.com',N'Divorced',N'Kinh',1,2),
(7,N'Đông',N'Đặng',N'Xuân',N'2003-02-19',N'27211242275',N'953441760285',N'Thạnh Thăng, Hải Châu',NULL,N'Đà Nẵng',N'Việt Nam',N'55000',N'Male',N'060402374513',N'prRnDiKLLa@gmail.com',N'Married',N'Kinh',1,3),
(8,N'Đức',N'Phạm',N'Doãn',N'2003-09-22',N'27211202206',N'845162606111',N'Hòa Khê, Thanh Khê',NULL,N'Đà Nẵng',N'Việt Nam',N'55000',N'Male',N'092537599827',N'lSicS2Oa@gmail.com',N'Married',N'Kinh',1,3),
(9,N'Dũng',N'Nguyễn',N'Tấn',N'2003-09-22',N'27211240065',N'657293159481',N'Hòa Phát, Cẩm Lệ',NULL,N'Đà Nẵng',N'Việt Nam',N'55000',N'Male',N'027843870758',N'TPO5qra@gmail.com',N'Married',N'Kinh',1,1),
(10,N'Dương',N'Huỳnh',N'Khánh',N'2003-09-22',N'27211201612',N'775331655740',N'Hòa Nhơn, Hòa Vang',NULL,N'Đà Nẵng',N'Việt Nam',N'55000',N'Male',N'067008909238',N'4NfZblmwYa@gmail.com',N'Divorced',N'Kinh',1,2),
(11,N'Duy',N'Lê',N'Hải',N'2003-09-22',N'27211200940',N'594666643007',N'Thạnh Thăng, Hải Châu',NULL,N'Đà Nẵng',N'Việt Nam',N'55000',N'Male',N'014842645903',N'qfpJyQa@gmail.com',N'Divorced',N'Kinh',1,1),
(12,N'Duy',N'Võ',N'Lê',N'2000-08-15',N'27211202824',N'551128581202',N'Hòa Bắc, Hòa Vang',NULL,N'Đà Nẵng',N'Việt Nam',N'55000',N'Male',N'084282774735',N'EstEkjVgaa@gmail.com',N'Widowed',N'Kinh',1,3),
(13,N'Duy',N'Nguyễn',N'Hà Hàm',N'2001-08-15',N'27211237309',N'537876583508',N'Hòa Bắc, Hòa Vang',NULL,N'Đà Nẵng',N'Việt Nam',N'55000',N'Male',N'043053623865',N'OqN227W5V0a@gmail.com',N'Divorced',N'Kinh',1,3),
(14,N'Duyên',N'Trần',N'Thị Mỹ',N'2003-01-23',N'27201235390',N'392415892567',N'Hoa Lien, Hòa Vang',NULL,N'Đà Nẵng',N'Việt Nam',N'55000',N'Female',N'060211331344',N'dxywGK4Nla@gmail.com',N'Married',N'Kinh',1,1),
(15,N'Giang',N'Hồ',N'Hàn',N'2004-01-23',N'27211201905',N'884738892378',N'Hải Châu I, Hải Châu',NULL,N'Đà Nẵng',N'Việt Nam',N'55000',N'Male',N'025397114263',N'ypDRk6tuQa@gmail.com',N'Divorced',N'Kinh',1,1),
(16,N'Hải',N'Lê',N'Hoàng',N'2003-07-29',N'27211200954',N'804889601117',N'Hoa An, Cẩm Lệ',NULL,N'Đà Nẵng',N'Việt Nam',N'55000',N'Male',N'097559524104',N'a7sTriA8a@gmail.com',N'Divorced',N'Kinh',1,2),
(17,N'Hải',N'Đặng',N'Ngọc',N'2004-07-29',N'27211226501',N'849615476330',N'Hoa Cuong Bac, Hải Châu',NULL,N'Đà Nẵng',N'Việt Nam',N'55000',N'Male',N'051252417005',N'12MB7Vo4a@gmail.com',N'Widowed',N'Kinh',1,3),
(18,N'Hiển',N'Nguyễn',N'Đào Minh',N'2005-07-29',N'27211253219',N'874742424685',N'Hòa Thuận Tây, Hải Châu',NULL,N'Đà Nẵng',N'Việt Nam',N'55000',N'Male',N'077533967266',N'rYH7rJmvla@gmail.com',N'Single',N'Kinh',1,3),
(19,N'Hiếu',N'Phạm',N'Xuân',N'2000-09-30',N'24211203965',N'693843993710',N'Hoa Cuong Bac, Hải Châu',NULL,N'Đà Nẵng',N'Việt Nam',N'55000',N'Male',N'091055003256',N'BPmH8dJa@gmail.com',N'Widowed',N'Kinh',1,3),
(20,N'Hiếu',N'Lê',N'Trung',N'2003-10-23',N'27211202832',N'130872260205',N'Hoa Phong, Hòa Vang',NULL,N'Đà Nẵng',N'Việt Nam',N'55000',N'Male',N'025485378080',N'DHzlFGkZA6a@gmail.com',N'Married',N'Kinh',1,2),
(21,N'Hiếu',N'Hồ',N'Phúc',N'2004-10-23',N'27211225652',N'350089882737',N'Hoa Cuong Bac, Hải Châu',NULL,N'Đà Nẵng',N'Việt Nam',N'55000',N'Male',N'043026176748',N'PD0M3Ea@gmail.com',N'Married',N'Kinh',1,2),
(22,N'Hoàng',N'Nguyễn',N'Hữu',N'2005-10-23',N'27211248338',N'844040603252',N'Man Thai, Son Tra',NULL,N'Đà Nẵng',N'Việt Nam',N'55000',N'Male',N'014231531623',N'vOWZX0a@gmail.com',N'Divorced',N'Kinh',1,3),
(23,N'Hùng',N'Võ',N'Duy',N'2003-04-19',N'27211226767',N'994772432510',N'Hoa Tho Dong, Cẩm Lệ',NULL,N'Đà Nẵng',N'Việt Nam',N'55000',N'Male',N'018793384767',N'R9mHYI8Uyya@gmail.com',N'Divorced',N'Kinh',1,3),
(24,N'Hưng',N'Nguyễn',N'Thành',N'2004-04-19',N'26211232265',N'858153247366',N'Hòa Phát, Cẩm Lệ',NULL,N'Đà Nẵng',N'Việt Nam',N'55000',N'Male',N'093346971042',N'cVVOXBa@gmail.com',N'Married',N'Kinh',1,3),
(25,N'Hữu',N'Trương',N'Công',N'2003-10-14',N'27211238894',N'838710029965',N'Hoa Hiep Nam, Liên Chiểu',NULL,N'Đà Nẵng',N'Việt Nam',N'55000',N'Male',N'081289712188',N'jwuh7bw2jKa@gmail.com',N'Divorced',N'Kinh',1,2),
(26,N'Huy',N'Nguyễn',N'Quốc',N'2004-10-14',N'27211200502',N'230327155854',N'Hoa Xuan, Cẩm Lệ',NULL,N'Đà Nẵng',N'Việt Nam',N'55000',N'Male',N'047724082186',N'RQk8UEea@gmail.com',N'Married',N'Kinh',1,1),
(27,N'Huy',N'Võ',N'Nguyễn Văn',N'2005-10-14',N'27211201220',N'821812245648',N'Hòa Khê, Thanh Khê',NULL,N'Đà Nẵng',N'Việt Nam',N'55000',N'Male',N'060275232060',N'tPdZMaa@gmail.com',N'Married',N'Kinh',1,2),
(28,N'Huy',N'Tống',N'Phước',N'2003-06-17',N'27211227556',N'706712130195',N'An Hai Tay, Son Tra',NULL,N'Đà Nẵng',N'Việt Nam',N'55000',N'Male',N'044929677112',N'GsTQBja@gmail.com',N'Widowed',N'Kinh',1,1),
(29,N'Huy',N'Nguyễn',N'Trường',N'2004-06-17',N'27211241142',N'389670389403',N'Hoa Hiep Nam, Liên Chiểu',NULL,N'Đà Nẵng',N'Việt Nam',N'55000',N'Male',N'081575013043',N'4vwq6ea@gmail.com',N'Married',N'Kinh',1,3),
(30,N'Khải',N'Phan',N'Công',N'2003-04-16',N'27211202232',N'299769963679',N'Hoa Cuong Nam, Hải Châu',NULL,N'Đà Nẵng',N'Việt Nam',N'55000',N'Male',N'033479474300',N'jVNRC6Q1ha@gmail.com',N'Divorced',N'Kinh',1,3),
(31,N'Khanh',N'Trần',N'Mai Tuấn',N'2004-04-16',N'27211247997',N'671084753571',N'Hòa Nhơn, Hòa Vang',NULL,N'Đà Nẵng',N'Việt Nam',N'55000',N'Male',N'075702972032',N'8EuCWKesbna@gmail.com',N'Divorced',N'Kinh',1,2),
(32,N'Khánh',N'Phan',NULL,N'2003-06-16',N'27211202129',N'420900497062',N'Hoa Chau, Hòa Vang',NULL,N'Đà Nẵng',N'Việt Nam',N'55000',N'Male',N'080146547378',N'tKtKyAQlOa@gmail.com',N'Widowed',N'Kinh',1,1),
(33,N'Khôi',N'Lê',N'Vũ Anh',N'2004-06-16',N'26211238818',N'941109447848',N'An Hai Tay, Son Tra',NULL,N'Đà Nẵng',N'Việt Nam',N'55000',N'Male',N'096984557710',N'SCMbMaKa@gmail.com',N'Widowed',N'Kinh',1,3),
(34,N'Khương',N'Đoàn',N'Ngọc',N'2003-08-24',N'27211242554',N'393142406318',N'Hải Châu I, Hải Châu',NULL,N'Đà Nẵng',N'Việt Nam',N'55000',N'Male',N'052352592919',N'P53ApaQwa@gmail.com',N'Single',N'Kinh',1,3),
(35,N'Kiên',N'Lê',N'Trung',N'1999-01-29',N'2321125466',N'839498378935',N'Hoa Quy, Ngu Hanh Son',NULL,N'Đà Nẵng',N'Việt Nam',N'55000',N'Male',N'057307826376',N'QWVr6eEOa@gmail.com',N'Married',N'Kinh',1,2),
(36,N'Lâm',N'Nguyễn',N'Trường',N'2000-01-29',N'27211201656',N'447707449530',N'Thac Gian, Thanh Khê',NULL,N'Đà Nẵng',N'Việt Nam',N'55000',N'Male',N'059356013754',N'cAVWqKaBjka@gmail.com',N'Single',N'Kinh',1,1),
(37,N'Lâm',N'Trần',N'Vũ Thanh',N'2003-06-20',N'27211202238',N'480258368705',N'Binh Thuan, Hải Châu',NULL,N'Đà Nẵng',N'Việt Nam',N'55000',N'Male',N'022067071118',N'zrI9ut9wca@gmail.com',N'Single',N'Kinh',1,1),
(38,N'Long',N'Nguyễn',N'Hạ',N'2004-06-20',N'27211237844',N'186496846540',N'Hoa Phuoc, Hòa Vang',NULL,N'Đà Nẵng',N'Việt Nam',N'55000',N'Male',N'092067633384',N'ejimKnn8ma@gmail.com',N'Divorced',N'Kinh',1,1),
(39,N'Lực',N'Lê',N'Thành',N'2005-06-20',N'27211200547',N'424519932629',N'Hoa Xuan, Cẩm Lệ',NULL,N'Đà Nẵng',N'Việt Nam',N'55000',N'Male',N'092107627565',N'TYKA0Xja@gmail.com',N'Single',N'Kinh',1,2),
(40,N'Minh',N'Nguyễn',N'Tiến',N'1999-06-25',N'2321124136',N'896343315160',N'An Hai Dong, Son Tra',NULL,N'Đà Nẵng',N'Việt Nam',N'55000',N'Male',N'037412565288',N'EnP6JZql6Da@gmail.com',N'Single',N'Kinh',1,2),
(41,N'Nhân',N'Nguyễn',N'Thành',N'2000-06-25',N'27211200260',N'938264595674',N'Khue Trung, Cẩm Lệ',NULL,N'Đà Nẵng',N'Việt Nam',N'55000',N'Male',N'028733581534',N'eJiLFUFa@gmail.com',N'Widowed',N'Kinh',1,3),
(42,N'Nhi',N'Nguyễn',N'Thị Tuyết',N'2003-05-19',N'27201202711',N'323415055075',N'An Hai Bac, Son Tra',NULL,N'Đà Nẵng',N'Việt Nam',N'55000',N'Female',N'090258451707',N'940EdwMwa@gmail.com',N'Divorced',N'Kinh',1,3),
(43,N'Nhớ',N'Đặng',N'Văn',N'2004-05-19',N'27211201219',N'994184683748',N'Phuoc Ninh, Hải Châu',NULL,N'Đà Nẵng',N'Việt Nam',N'55000',N'Male',N'076759195144',N'QAjitv8Da@gmail.com',N'Divorced',N'Kinh',1,3),
(44,N'Phong',N'Trần',N'Văn',N'2005-05-19',N'27211238709',N'285197851374',N'Hòa Thuận Tây, Hải Châu',NULL,N'Đà Nẵng',N'Việt Nam',N'55000',N'Male',N'085148270080',N'nOyFkha@gmail.com',N'Married',N'Kinh',1,3),
(45,N'Quân',N'Hà',N'Minh',N'2003-11-20',N'27211242285',N'329437643006',N'Hòa Bắc, Hòa Vang',NULL,N'Đà Nẵng',N'Việt Nam',N'55000',N'Male',N'055365757652',N'PjWAM7Kta@gmail.com',N'Widowed',N'Kinh',1,3),
(46,N'Quân',N'Nguyễn',N'Quốc',N'2003-03-14',N'27217100876',N'572189480192',N'Hoa Cuong Bac, Hải Châu',NULL,N'Đà Nẵng',N'Việt Nam',N'55000',N'Male',N'079175250952',N'GeUuePVw4a@gmail.com',N'Divorced',N'Kinh',1,2),
(47,N'Quang',N'Châu',N'Xuân',N'2003-03-14',N'27211240452',N'797226563855',N'Hoa Phu, Hòa Vang',NULL,N'Đà Nẵng',N'Việt Nam',N'55000',N'Male',N'062426982130',N'nPjRuSa@gmail.com',N'Married',N'Kinh',1,1),
(48,N'Sơn',N'Nguyễn',N'Ngọc',N'2003-03-14',N'27211240521',N'336912423696',N'Nam Dương, Hải Châu',NULL,N'Đà Nẵng',N'Việt Nam',N'55000',N'Male',N'022068969849',N'wL3Oidjsa@gmail.com',N'Divorced',N'Kinh',1,1),
(49,N'Thái',N'Nguyễn',N'Văn Quang',N'2003-03-14',N'27211201254',N'932376949533',N'Phuoc My, Son Tra',NULL,N'Đà Nẵng',N'Việt Nam',N'55000',N'Male',N'012544859395',N'cCHYvUXgza@gmail.com',N'Single',N'Kinh',1,2),
(50,N'Thái',N'Trần',N'Quốc',N'2003-01-31',N'27211235658',N'441853108512',N'Hòa Khê, Thanh Khê',NULL,N'Đà Nẵng',N'Việt Nam',N'55000',N'Male',N'035394855867',N'fw72W5Lma@gmail.com',N'Widowed',N'Kinh',1,2),
(51,N'Thắng',N'Thái',N'Bá Toàn',N'2004-01-31',N'27211143875',N'594849912107',N'Hải Châu II, Hải Châu',NULL,N'Đà Nẵng',N'Việt Nam',N'55000',N'Male',N'062071543789',N'x3xJXwl9y4a@gmail.com',N'Divorced',N'Kinh',1,3),
(52,N'Thắng',N'Võ',N'Lê Hữu',N'2003-11-16',N'27211241310',N'186910161714',N'Thanh Binh, Hải Châu',NULL,N'Đà Nẵng',N'Việt Nam',N'55000',N'Male',N'011327846193',N'xauh5d3a@gmail.com',N'Widowed',N'Kinh',1,2),
(53,N'Thắng',N'Phạm',N'Phú Long Thanh',N'2003-09-18',N'27211243464',N'581924678966',N'Thạnh Thăng, Hải Châu',NULL,N'Đà Nẵng',N'Việt Nam',N'55000',N'Male',N'089393854847',N'fYYaBpGba@gmail.com',N'Divorced',N'Kinh',1,1),
(54,N'Thành',N'Nguyễn',N'Công',N'2004-11-17',N'27214322556',N'156941313339',N'Hoa Ninh, Hòa Vang',NULL,N'Đà Nẵng',N'Việt Nam',N'55000',N'Male',N'034144038668',N'1gkFbF7aba@gmail.com',N'Single',N'Kinh',1,3),
(55,N'Thảo',N'Nguyễn',N'Nhật',N'2005-10-14',N'27211239932',N'563966167874',N'An Khe, Thanh Khê',NULL,N'Đà Nẵng',N'Việt Nam',N'55000',N'Male',N'052449881055',N'CtIM6sI8a@gmail.com',N'Married',N'Kinh',1,1),
(56,N'Thi',N'Trương',N'Thị Mai',N'2004-10-23',N'27201202169',N'543884153156',N'Hoa Minh, Liên Chiểu',NULL,N'Đà Nẵng',N'Việt Nam',N'55000',N'Female',N'052236596537',N'tLAzcka@gmail.com',N'Divorced',N'Kinh',1,1),
(57,N'Thi',N'Phạm',N'Lê Minh',N'2001-08-15',N'27211237604',N'525072746312',N'Man Thai, Son Tra',NULL,N'Đà Nẵng',N'Việt Nam',N'55000',N'Male',N'031685436314',N'wGTpDua@gmail.com',N'Divorced',N'Kinh',1,2),
(58,N'Thiện',N'Bùi',N'Thanh',N'2003-10-24',N'27211232500',N'880530683216',N'Hải Châu II, Hải Châu',NULL,N'Đà Nẵng',N'Việt Nam',N'55000',N'Male',N'077600332262',N'VVZGK5vza@gmail.com',N'Single',N'Kinh',1,1),
(59,N'Thiện',N'Trịnh',N'Quý',N'2003-12-16',N'27211235459',N'260237879634',N'Nam Dương, Hải Châu',NULL,N'Đà Nẵng',N'Việt Nam',N'55000',N'Male',N'024879306186',N'Oh1gAIIca@gmail.com',N'Divorced',N'Kinh',1,3),
(60,N'Thiều',N'Nguyễn',N'Văn',N'2003-08-20',N'27213830143',N'884703069524',N'Hoa Cuong Bac, Hải Châu',NULL,N'Đà Nẵng',N'Việt Nam',N'55000',N'Male',N'079246035125',N'tFAkMGa@gmail.com',N'Single',N'Kinh',1,1),
(61,N'Thịnh',N'Trần',N'Viết',N'2004-10-23',N'27211245057',N'680201900884',N'Hòa Nhơn, Hòa Vang',NULL,N'Đà Nẵng',N'Việt Nam',N'55000',N'Male',N'036367386049',N'H0McIL5a@gmail.com',N'Widowed',N'Kinh',1,1),
(62,N'Thịnh',N'Phùng',N'Hoàng',N'2003-07-15',N'27214338472',N'435113608022',N'Xuan Ha, Thanh Khê',NULL,N'Đà Nẵng',N'Việt Nam',N'55000',N'Male',N'031083274498',N'eXCAuxa@gmail.com',N'Single',N'Kinh',1,3),
(63,N'Thương',N'Nguyễn',N'Huỳnh Đắc',N'2001-09-18',N'25211207390',N'834766287197',N'Phuoc My, Son Tra',NULL,N'Đà Nẵng',N'Việt Nam',N'55000',N'Female',N'053217482964',N'eurTJ2Vua@gmail.com',N'Single',N'Kinh',1,3),
(64,N'Tiến',N'Phan',N'Đình',N'2003-06-16',N'27211235648',N'572441924958',N'An Khe, Thanh Khê',NULL,N'Đà Nẵng',N'Việt Nam',N'55000',N'Male',N'092584919941',N'vaCi1sua@gmail.com',N'Divorced',N'Kinh',1,3),
(65,N'Toàn',N'Nguyễn',N'Đình',N'2003-03-14',N'27211226932',N'685164633443',N'Hoa Hai, Ngu Hanh Son',NULL,N'Đà Nẵng',N'Việt Nam',N'55000',N'Male',N'021436512056',N'cTgaRxa@gmail.com',N'Widowed',N'Kinh',1,1),
(66,N'Toàn',N'Lê',N'Vĩnh',N'2004-01-31',N'27211227960',N'326227341667',N'Hoa Chau, Hòa Vang',NULL,N'Đà Nẵng',N'Việt Nam',N'55000',N'Male',N'015960784916',N'FV6Uwc2nrKa@gmail.com',N'Divorced',N'Kinh',1,1),
(67,N'Duyên',N'Nguyễn',N'Thanh',N'1999-06-25',N'27211230207',N'848661663603',N'Tho Quang, Son Tra',NULL,N'Đà Nẵng',N'Việt Nam',N'55000',N'Female',N'053135557251',N'IVUPZC9a@gmail.com',N'Single',N'Kinh',1,2),
(68,N'Trà',N'Mai',N'Thị Hương',N'2003-11-20',N'27201233174',N'273080366979',N'An Khe, Thanh Khê',NULL,N'Đà Nẵng',N'Việt Nam',N'55000',N'Female',N'067853573248',N'KnJRfJa@gmail.com',N'Divorced',N'Kinh',1,1),
(69,N'Tri',N'Lê',N'Văn',N'2003-04-14',N'27211201040',N'578442952586',N'Hoa Hiep Nam, Liên Chiểu',NULL,N'Đà Nẵng',N'Việt Nam',N'55000',N'Male',N'091010266081',N'sDKT2puI6a@gmail.com',N'Widowed',N'Kinh',1,2),
(70,N'Trình',N'Phạm',N'Công',N'2003-05-31',N'27211225619',N'595652910485',N'Hoa An, Cẩm Lệ',NULL,N'Đà Nẵng',N'Việt Nam',N'55000',N'Male',N'041214651317',N'OKfSo3fR2a@gmail.com',N'Married',N'Kinh',1,2),
(71,N'Trung',N'Nguyễn',N'Long Trọng',N'2003-04-14',N'27211201116',N'553003729311',N'Thạnh Thăng, Hải Châu',NULL,N'Đà Nẵng',N'Việt Nam',N'55000',N'Male',N'053035736318',N'y3ciwLa@gmail.com',N'Divorced',N'Kinh',1,1),
(72,N'Trung',N'Hà',N'Quang',N'2003-03-13',N'27211202149',N'969623453600',N'Hoa Tien, Hòa Vang',NULL,N'Đà Nẵng',N'Việt Nam',N'55000',N'Male',N'030445693909',N'WvsIYCa@gmail.com',N'Widowed',N'Kinh',1,1),
(73,N'Trung',N'Nguyễn',N'Quốc',N'2003-10-19',N'27211235340',N'461268287393',N'Hoa Phuoc, Hòa Vang',NULL,N'Đà Nẵng',N'Việt Nam',N'55000',N'Male',N'039524838613',N'jSqK9M4ra@gmail.com',N'Married',N'Kinh',1,3),
(74,N'Trung',N'Lê',N'Tự Nhật',N'2003-12-22',N'27218046045',N'551796790186',N'Hoa Tho Tay, Cẩm Lệ',NULL,N'Đà Nẵng',N'Việt Nam',N'55000',N'Male',N'010556964809',N'1mpRtZyFa@gmail.com',N'Married',N'Kinh',1,3),
(75,N'Trường',N'Lưu',N'Văn',N'2003-07-15',N'27211240491',N'107468030388',N'An Khe, Thanh Khê',NULL,N'Đà Nẵng',N'Việt Nam',N'55000',N'Male',N'057280303729',N'HuG5kX1a@gmail.com',N'Single',N'Kinh',1,3),
(76,N'Tú',N'Trần',N'Minh',N'2001-09-18',N'26211200551',N'910572497333',N'Hoa Khuong, Hòa Vang',NULL,N'Đà Nẵng',N'Việt Nam',N'55000',N'Male',N'052049800877',N'1iEGO1La@gmail.com',N'Married',N'Kinh',1,1),
(77,N'Tú',N'Đặng',N'Ngọc',N'2003-10-24',N'26211235773',N'124523658677',N'Hòa Khê, Thanh Khê',NULL,N'Đà Nẵng',N'Việt Nam',N'55000',N'Male',N'067787786190',N'xorWYQcula@gmail.com',N'Widowed',N'Kinh',1,1),
(78,N'Tú',N'Nguyễn',N'Minh',N'2003-08-19',N'26211241700',N'942511592401',N'Hoa Cuong Bac, Hải Châu',NULL,N'Đà Nẵng',N'Việt Nam',N'55000',N'Male',N'047011951705',N'Lc1ku6SCOJa@gmail.com',N'Married',N'Kinh',1,3),
(79,N'Tuấn',N'Phan',N'Phú',N'2002-04-27',N'26211241675',N'388772654033',N'Hoa Thuan Dong, Hải Châu',NULL,N'Đà Nẵng',N'Việt Nam',N'55000',N'Male',N'058682965795',N'BlfhW1a@gmail.com',N'Married',N'Kinh',1,2),
(80,N'Tuấn',N'Phan',N'Quang',N'2003-10-19',N'26211242525',N'351665925590',N'My An, Ngu Hanh Son',NULL,N'Đà Nẵng',N'Việt Nam',N'55000',N'Male',N'087788592462',N'8ug6M6GXLXa@gmail.com',N'Divorced',N'Kinh',1,1),
(81,N'Tuấn',N'Võ',N'Anh',N'2003-03-28',N'27211202467',N'499047610327',N'Hoa Tho Tay, Cẩm Lệ',NULL,N'Đà Nẵng',N'Việt Nam',N'55000',N'Male',N'016869803977',N'XL51qCa@gmail.com',N'Married',N'Kinh',1,1),
(82,N'Uyên',N'Nguyễn',N'Duy',N'2003-08-26',N'27211201569',N'276552099291',N'Hòa Khê, Thanh Khê',NULL,N'Đà Nẵng',N'Việt Nam',N'55000',N'Female',N'056908773448',N'dcNc02a@gmail.com',N'Widowed',N'Kinh',1,2),
(83,N'Vĩ',N'Đàm',N'Quốc',N'2003-08-26',N'27211235439',N'511203370974',N'Khue My, Ngu Hanh Son',NULL,N'Đà Nẵng',N'Việt Nam',N'55000',N'Male',N'068468150087',N'40NttRa@gmail.com',N'Widowed',N'Kinh',1,1),
(84,N'Vũ',N'Nguyễn',N'Thiện Lê',N'2003-08-26',N'27202242431',N'793945448417',N'Hoa Xuan, Cẩm Lệ',NULL,N'Đà Nẵng',N'Việt Nam',N'55000',N'Male',N'030474034178',N'NAkUkpQbMca@gmail.com',N'Divorced',N'Kinh',1,2),
(85,N'Vũ',N'Trương',N'Văn',N'2003-03-28',N'27211201694',N'178470081001',N'Thanh Binh, Hải Châu',NULL,N'Đà Nẵng',N'Việt Nam',N'55000',N'Male',N'083690023554',N'sVq3FVCa@gmail.com',N'Single',N'Kinh',1,1),
(86,N'Vũ',N'Huỳnh',N'Nguyên',N'2003-09-16',N'27211202240',N'838910547950',N'Nam Dương, Hải Châu',NULL,N'Đà Nẵng',N'Việt Nam',N'55000',N'Male',N'060071844270',N'9581KGqa@gmail.com',N'Divorced',N'Kinh',1,1),
(87,N'Vỹ',N'Phạm',N'Hạ',N'2003-08-19',N'27211201722',N'749184302076',N'Hoa Lien, Hòa Vang',NULL,N'Đà Nẵng',N'Việt Nam',N'55000',N'Female',N'080040652896',N'BP1OxU8a@gmail.com',N'Widowed',N'Kinh',1,3),
(88,N'Yên',N'Võ',N'Thị Như',N'2003-04-22',N'27201201584',N'890123456789',N'My An, Ngu Hanh Son',NULL,N'Đà Nẵng',N'Việt Nam',N'55000',N'Female',N'060071114270',N'BP1O998a@gmail.com',N'Married',N'Kinh',1,3);

INSERT INTO [dbo].[EMPLOYMENT] ([EMPLOYMENT_ID], 
	[EMPLOYMENT_CODE],
	[EMPLOYMENT_STATUS],
	[HIRE_DATE_FOR_WORKING],
	[WORKERS_COMP_CODE],
	[TERMINATION_DATE],
	[REHIRE_DATE_FOR_WORKING],
	[LAST_REVIEW_DATE],
	[NUMBER_DAYS_REQUIREMENT_OF_WORKING_PER_MONTH],
	[PERSONAL_ID])
VALUES
(1,N'Gc863zrkxXsvpo1W',N'T',N'2020-01-08',N'C',N'2021-03-08',NULL,N'2020-01-08',22,1),
(2,N'keDzKyIHZ7wCspN5',N'T',N'2020-03-10',N'B',N'2021-02-05',NULL,N'2020-03-10',22,2),
(3,N'uBdzCEUGhODNoHJe',N'T',N'2020-03-19',N'D',N'2020-08-31',NULL,N'2020-03-19',22,3),
(4,N'LjaMZdQq47GIO0o5',N'T',N'2020-04-09',N'D',N'2021-01-19',NULL,N'2020-04-09',22,4),
(5,N'H1GspxOentPmYLK7',N'T',N'2020-05-04',N'D',NULL,NULL,N'2020-05-04',22,5),
(6,N'aPvmcqfUQiMdpkgl',N'T',N'2020-05-22',N'A',NULL,NULL,N'2020-05-22',22,6),
(7,N'mkCyUcTVXRN9S3q5',N'T',N'2020-05-24',N'D',NULL,NULL,N'2020-05-24',22,7),
(8,N'r5RhxqKTwogn3mXD',N'T',N'2020-07-27',N'B',NULL,NULL,N'2020-07-27',22,8),
(9,N'0rNeZvaG1kJyKw5I',N'T',N'2020-08-14',N'D',NULL,NULL,N'2020-08-14',22,9),
(10,N'8Is0OQYE1JdHriw2',N'T',N'2020-08-27',N'B',NULL,NULL,N'2020-08-27',22,10),
(11,N'PVhWDQCHvswmITc3',N'F',N'2020-08-31',N'B',N'2021-03-14',N'2021-05-14',N'2020-08-31',22,11),
(12,N'TqC4v2UxJ8oFAl0M',N'F',N'2020-10-14',N'A',N'2021-05-23',N'2021-07-11',N'2020-10-14',22,12),
(13,N'5Pxu2IVwLnEdvBQS',N'T',N'2020-12-26',N'B',NULL,NULL,N'2020-12-26',22,13),
(14,N'AHbxTpq6Xwuke8FW',N'T',N'2020-12-30',N'D',NULL,NULL,N'2020-12-30',22,14),
(15,N'NoYP5Z2QWBTMbrjl',N'F',N'2021-01-06',N'D',NULL,NULL,N'2021-01-06',22,15),
(16,N'Xst5MFyBxAHRK4Zv',N'F',N'2021-01-13',N'D',NULL,NULL,N'2021-01-13',22,16),
(17,N'QJXykxVYmahScv6i',N'F',N'2021-01-19',N'A',NULL,NULL,N'2021-01-19',22,17),
(18,N'm0tijhIrTbofnMHV',N'F',N'2021-02-04',N'B',NULL,NULL,N'2021-02-04',22,18),
(19,N'JF0v4OLQa9V6lKnM',N'F',N'2021-02-05',N'A',NULL,NULL,N'2021-02-05',22,19),
(20,N'I4jwZSOT8MNiyJCF',N'F',N'2021-03-08',N'A',NULL,NULL,N'2021-03-08',22,20),
(21,N'G4sQxOTRgBMSY5te',N'F',N'2021-03-14',N'B',NULL,NULL,N'2021-03-14',22,21),
(22,N'dGeh8j9yl7vN4qcI',N'F',N'2021-04-16',N'A',NULL,NULL,N'2021-04-16',22,22),
(23,N'1YJZptGT4jzbgKyQ',N'F',N'2021-05-13',N'A',NULL,NULL,N'2021-05-13',22,23),
(24,N'cdHgjlwJFYWNP4sZ',N'F',N'2021-05-16',N'B',NULL,NULL,N'2021-05-16',22,24),
(25,N'sr7zG4oQMdYeU3Rt',N'F',N'2021-05-23',N'B',NULL,NULL,N'2021-05-23',22,25),
(26,N'fBcKo4TEGYgIhF3z',N'F',N'2021-05-28',N'C',NULL,NULL,N'2021-05-28',22,26),
(27,N'zElkTaK56vfQH1GW',N'F',N'2021-05-29',N'A',NULL,NULL,N'2021-05-29',22,27),
(28,N'xu4pawZGS0Qqo6V2',N'F',N'2021-06-03',N'C',NULL,NULL,N'2021-06-03',22,28),
(29,N'afujDsdJCORYW1mA',N'F',N'2021-06-07',N'C',NULL,NULL,N'2021-06-07',22,29),
(30,N'9zcsagkBj37eIAOi',N'F',N'2021-06-18',N'B',NULL,NULL,N'2021-06-18',22,30),
(31,N'vVT8rGHIaCjQEskd',N'F',N'2021-08-02',N'A',NULL,NULL,N'2021-08-02',22,31),
(32,N'H2bdsFEmIx8uGrtD',N'F',N'2021-08-04',N'C',NULL,NULL,N'2021-08-04',22,32),
(33,N'0iAlHbw42kuYzoDV',N'F',N'2021-08-22',N'A',NULL,NULL,N'2021-08-22',22,33),
(34,N'M807gjiRwAveaX9x',N'F',N'2021-08-25',N'D',NULL,NULL,N'2021-08-25',22,34),
(35,N'ByRhHSf3zeaK9T5P',N'F',N'2021-09-10',N'D',NULL,NULL,N'2021-09-10',22,35),
(36,N'4ebwsi8OmGKhlJFa',N'F',N'2021-09-20',N'A',NULL,NULL,N'2021-09-20',22,36),
(37,N'IBKlOcR7p8VtdvXH',N'F',N'2021-09-21',N'B',NULL,NULL,N'2021-09-21',22,37),
(38,N'HVSlE6nwpqDWANRa',N'F',N'2021-11-02',N'C',NULL,NULL,N'2021-11-02',22,38),
(39,N'Xcn9eIpsi2xP6Yfh',N'F',N'2021-11-19',N'D',NULL,NULL,N'2021-11-19',22,39),
(40,N'2AUdcKLtk8EBqhsv',N'F',N'2021-12-23',N'B',NULL,NULL,N'2021-12-23',22,40),
(41,N'cbnLCjzl5ANZ7Yy0',N'F',N'2022-01-07',N'B',NULL,NULL,N'2022-01-07',22,41),
(42,N'0asnCqTljfezF68Z',N'F',N'2022-01-09',N'B',NULL,NULL,N'2022-01-09',22,42),
(43,N'hv0Y9wfqulzy3aET',N'F',N'2022-01-24',N'C',NULL,NULL,N'2022-01-24',22,43),
(44,N'oZhCjeuDWFGNI10U',N'F',N'2022-01-30',N'E',NULL,NULL,N'2022-01-30',22,44),
(45,N'jfFPhlU7oGA1L3Rq',N'T',N'2022-02-14',N'A',N'2022-09-30',NULL,N'2022-02-14',22,45),
(46,N'CcdT5xeHKsvWg1Up',N'F',N'2022-02-16',N'A',NULL,NULL,N'2022-02-16',22,46),
(47,N'Hjn10SGE2rOPFldI',N'T',N'2022-02-19',N'C',N'2023-02-01',NULL,N'2022-02-19',22,47),
(48,N'tY6apTVFi20QrPmk',N'F',N'2022-03-10',N'A',NULL,NULL,N'2022-03-10',22,48),
(49,N'J4yobBFgxW9mhLeM',N'F',N'2022-04-20',N'C',NULL,NULL,N'2022-04-20',22,49),
(50,N'seFKG6PvgolHDtxT',N'F',N'2022-05-22',N'E',NULL,NULL,N'2022-05-22',22,50),
(51,N'oeuRkdgtGX9HUNqA',N'F',N'2022-05-30',N'A',NULL,NULL,N'2022-05-30',22,51),
(52,N'C6GwBiEjSaZtAJWP',N'F',N'2022-07-13',N'B',NULL,NULL,N'2022-07-13',22,52),
(53,N'DmwXWN7kiYpszO6A',N'F',N'2022-07-17',N'A',NULL,NULL,N'2022-07-17',22,53),
(54,N'taSKb4Ec1diQsCwA',N'F',N'2022-08-04',N'A',NULL,NULL,N'2022-08-04',22,54),
(55,N'IX8zS21uyicZ9aNx',N'F',N'2022-08-10',N'D',NULL,NULL,N'2022-08-10',22,55),
(56,N'NYlstf9EcCABI8xJ',N'F',N'2022-08-27',N'A',NULL,NULL,N'2022-08-27',22,56),
(57,N'I16qZtuihRgnwdCF',N'F',N'2022-09-01',N'B',NULL,NULL,N'2022-09-01',22,57),
(58,N'pOf0skJi9x1umRdb',N'F',N'2022-09-30',N'D',NULL,NULL,N'2022-09-30',22,58),
(59,N'RDdm1rhGKCMQq7SH',N'F',N'2022-10-12',N'B',NULL,NULL,N'2022-10-12',22,59),
(60,N'o5pY9hPOLGrC0QKe',N'F',N'2022-10-18',N'E',NULL,NULL,N'2022-10-18',22,60),
(61,N'ImKSevP5WRw47iG1',N'F',N'2022-10-30',N'B',NULL,NULL,N'2022-10-30',22,61),
(62,N'Bicr9zZGXSvn7uFM',N'F',N'2022-11-07',N'A',NULL,NULL,N'2022-11-07',22,62),
(63,N'UiHeZdz273XWAOyv',N'F',N'2022-11-15',N'B',NULL,NULL,N'2022-11-15',22,63),
(64,N'JE5QVIm8kDAu9qw1',N'F',N'2022-11-16',N'C',NULL,NULL,N'2022-11-16',22,64),
(65,N'G0YIzMZaA5q2p4Px',N'F',N'2022-12-19',N'A',NULL,NULL,N'2022-12-19',22,65),
(66,N'ae3XzsWEYtG6uJ4K',N'F',N'2023-01-26',N'D',NULL,NULL,N'2023-01-26',22,66),
(67,N'iMZkz4AIP3f0Gul2',N'F',N'2023-02-01',N'B',NULL,NULL,N'2023-02-01',22,67),
(68,N'8SRGy9z4qoPJ7ifH',N'F',N'2023-03-06',N'A',NULL,NULL,N'2023-03-06',22,68),
(69,N'LOfIu5nqNP2pWyKt',N'F',N'2023-04-26',N'D',NULL,NULL,N'2023-04-26',22,69),
(70,N'Noi3UTtq5ywEJQpS',N'F',N'2023-05-01',N'E',NULL,NULL,N'2023-05-01',22,70),
(71,N'SxgDav2rpYlo4JsC',N'F',N'2023-05-16',N'D',NULL,NULL,N'2023-05-16',22,71),
(72,N'MNUubT2pWjiqrwX8',N'F',N'2023-05-29',N'D',NULL,NULL,N'2023-05-29',22,72),
(73,N'TCudsI27AnxWY3hH',N'F',N'2023-06-02',N'A',NULL,NULL,N'2023-06-02',22,73),
(74,N'jN6frKDegkRZqA9I',N'F',N'2023-06-28',N'E',NULL,NULL,N'2023-06-28',22,74),
(75,N'4xUAY1eHzkVB5ITi',N'F',N'2023-08-28',N'E',NULL,NULL,N'2023-08-28',22,75),
(76,N'OcJokExRgl4YIT0n',N'F',N'2023-09-02',N'B',NULL,NULL,N'2023-09-02',22,76),
(77,N'9szQZHACai4eVbf7',N'F',N'2023-09-03',N'A',NULL,NULL,N'2023-09-03',22,77),
(78,N'TbCmYDAZicrU0NIf',N'F',N'2023-10-06',N'D',NULL,NULL,N'2023-10-06',22,78),
(79,N'cjKGoVm7vb1ugYSJ',N'F',N'2023-10-21',N'C',NULL,NULL,N'2023-10-21',22,79),
(80,N'wUPIFCdvaz8YbAZp',N'F',N'2023-10-31',N'A',NULL,NULL,N'2023-10-31',22,80),
(81,N'LvegzTdcI1Kf5kaV',N'F',N'2023-11-05',N'E',NULL,NULL,N'2023-11-05',22,81),
(82,N'5yX2QNjKvrIVwstd',N'F',N'2023-11-12',N'B',NULL,NULL,N'2023-11-12',22,82),
(83,N'sS3vbEMqjK7fluae',N'F',N'2023-11-20',N'B',NULL,NULL,N'2023-11-20',22,83),
(84,N'JVrHhKSuLAQEdzZ0',N'F',N'2023-11-29',N'C',NULL,NULL,N'2023-11-29',22,84),
(85,N'klRKQqnzpLgJj29m',N'P',N'2024-02-01',N'E',NULL,NULL,N'2024-02-01',12,85),
(86,N'QZ9YiUwX5b3eOMDC',N'P',N'2024-02-18',N'E',NULL,NULL,N'2024-02-18',12,86),
(87,N'JzndqUvGTg3kDo4B',N'P',N'2024-03-01',N'B',NULL,NULL,N'2024-03-01',12,87),
(88,N'JN8sQDYuEShCXg9G',N'P',N'2024-04-13',N'D',NULL,NULL,N'2024-04-13',12,88);

INSERT INTO [dbo].[EMPLOYMENT_WORKING_TIME] ([EMPLOYMENT_WORKING_TIME_ID],
	[EMPLOYMENT_ID],
	[YEAR_WORKING],
	[MONTH_WORKING],
	[NUMBER_DAYS_ACTUAL_OF_WORKING_PER_MONTH],
	[TOTAL_NUMBER_VACATION_WORKING_DAYS_PER_MONTH])
VALUES
(1,1,N'2020-01-08',1,16,6),
(2,1,N'2020-02-08',2,22,0),
(3,1,N'2020-03-08',3,22,0),
(4,1,N'2020-04-08',4,22,0),
(5,1,N'2020-05-08',5,21,1),
(6,1,N'2020-06-08',6,22,0),
(7,1,N'2020-07-08',7,22,0),
(8,1,N'2020-08-08',8,18,4),
(9,1,N'2020-09-08',9,22,0),
(10,1,N'2020-10-08',10,22,0),
(11,1,N'2020-11-08',11,22,0),
(12,1,N'2020-12-08',12,20,2),
(13,1,N'2021-01-08',1,22,0),
(14,1,N'2021-02-08',2,22,0),
(15,1,N'2021-03-08',3,0,22),
(16,2,N'2020-03-10',3,16,6),
(17,2,N'2020-04-10',4,22,0),
(18,2,N'2020-05-10',5,22,0),
(19,2,N'2020-06-10',6,22,0),
(20,2,N'2020-07-10',7,21,1),
(21,2,N'2020-08-10',8,22,0),
(22,2,N'2020-09-10',9,22,0),
(23,2,N'2020-10-10',10,18,4),
(24,2,N'2020-11-10',11,22,0),
(25,2,N'2020-12-10',12,22,0),
(26,2,N'2021-01-10',1,22,0),
(27,2,N'2021-02-10',2,20,2),
(28,2,N'2021-03-10',3,22,0),
(29,2,N'2021-04-10',4,22,0),
(30,2,N'2021-05-10',5,0,22);

INSERT INTO [dbo].[JOB_HISTORY] ([JOB_HISTORY_ID],
	[EMPLOYMENT_ID],
	[DEPARTMENT],
	[DIVISION],
	[FROM_DATE],
	[THRU_DATE],
	[JOB_TITLE],
	[SUPERVISOR],
	[LOCATION],
	[TYPE_OF_WORK])
VALUES 
(1, 1, N'Headquarter', N'Lead', N'2020-01-08', N'2020-05-08', N'R&D', NULL, N'Đà Nẵng', 1);